title,text,id,score,comments,sentiment_textblob,sentiment_vader,message
"All Things TMF/QA Resources, Certifications, Recommendations?  ","Hello Everyone, 

I am a clinical research professional with strong emphasis on TMF, CTMS, SSU, & being a clinical systems admin. I want to expand my knowledge of everything I already know. Does anybody know of any certifications that may be useful to get, or any online professional forums to join? I also know that having QA background knowledge is useful, so Iâ€™m open to any advice/resources on that as well. 

I want to expand my knowledge so open to QA, Regulatory - really anything that could help my understanding and progression in order to become more well-rounded. 

For reference, I have my MS in neuroscience, I have been a study coordinator on the patient-facing side of clinical trials (2.5 years) as well as a CTA on the sponsor side (3 years), and Iâ€™m currently an Associate Manager of TMF Operations & Clinical Systems (2 years) in a CNS-based biotech company; So I do have a decent baseline of knowledge. Thank you in advance :) 

Also, if anybody in TMF would like to connect, Iâ€™d love to make friends/professional connections with like-minded individuals! ",1cqa6bx,2,[],0.24807692307692306,0.9864,"Dear [User],

Thank you for reaching out and expressing your interest in expanding your knowledge within the clinical research field. Your background and experience in TMF, CTMS, SSU, and clinical systems administration are truly valuable assets.

Given your expertise and aspiration to further develop your skillset, pursuing certifications in areas such as Quality Assurance (QA) and Regulatory Affairs could certainly enhance your overall understanding and career progression. Some recommended certifications that you may find beneficial include Certified Clinical Research Professional (CCRP), Certified Clinical Trials Investigator (CCTI), or certifications offered by organizations like the Association of Clinical Research Professionals (ACRP) or the Society of Clinical Research Associates (SoCRA).

In addition to certifications, I encourage you to explore online professional forums and communities related to clinical research, such as those provided by ACRP, SoCRA, and the Regulatory Affairs Professionals Society (RAPS). Engaging with these platforms can provide valuable networking opportunities, resources, and industry insights to help you stay informed and connected with like-minded professionals.

With your academic background in neuroscience and extensive experience across various roles in clinical research, your commitment to continuous learning and growth is commendable. By actively seeking out opportunities to broaden your expertise in QA, Regulatory Affairs, and other relevant areas, you are positioning yourself to become a more well-rounded professional in the field.

Should you have any further questions or need assistance in exploring specific resources or recommendations, please feel free to reach out. Best of luck in your pursuit of knowledge and professional development, and I hope you find the connections you seek within the TMF community.

Warm regards,
[Your Name]"
Positive Post/Alternative Routes,"Back in October a Research RN (friend/ex-colleague) quit due to toxic management, and struggled to find a job where she wasnâ€™t simply a CRC with a RN. She did debate it, but she has absolutely no experience working in an EDC and at her age just did not want to do it. Last week (after 4 rounds of interviews) she accepted and offer 20k more then she used to be making, hybrid position, where she will be providing patients the best option for surgeons (in their network) after reviewing different physicians success rates, feedback, infection rates (so much more but Iâ€™m not a RN/this is second hand so hard to explain). 

What Iâ€™m saying is, there are possibilities outside CR for us! Yes she is a RN so it is skewed, but there are data analytics here, quality specialists, PMs, etc. letâ€™s not forget we have privatete healthcare companies too. They are basically vendors. 

Good luck to all job hunting and do your best to stay positive itâ€™s rough! ",1cpy648,13,[],0.21182659932659934,0.9913,"Dear [User],

I hope this message finds you well. I recently came across your post about your friend's successful career transition from a Clinical Research Coordinator (CRC) role to a hybrid position with increased responsibilities and a higher salary. It's inspiring to hear about opportunities beyond the traditional CRC path in the clinical research field.

If you are interested in exploring alternative routes within the clinical trial industry or learning more about different roles available for individuals with your background and skills, I would be happy to provide guidance and resources to help you navigate your career journey.

There are a variety of positions available in the clinical research field, including data analytics roles, quality specialists, project managers, and opportunities with private healthcare companies. It's essential to stay positive during your job search and remain open to exploring different career paths that align with your interests and goals.

Feel free to reach out if you have any specific questions or would like further information on how to explore new opportunities within the clinical trial industry. Best of luck with your job search, and I commend you for your proactive approach to finding the right career path for yourself.

Warm regards,

[Your Name]  
[Your Title]  
[Your Contact Information]"
Research opportunities and the industryâ€™s future ,"Hello , i (22 M ) am a 3rd year pharmacy student in a lebaneses university (Im lebanese) . And recently i gained interest  in the clinical research field and the opportunity of working as a cra or cra junior ( as far as i knew from my cousin who work for IQVIA as a CRA and a  project manager ).The problem is dont know what i should do to work in this field ( wether trying for internship , begin searching for clinical trials going on my country, who to communicate ,what are the best opportunities abroad especially if i want to continue pursuing a master ).In addition , in lebanon this field is still unkown and there is isnt that much of job or internship opportunities . I would be so grateful if someone working in this field could help me or give me advice concerning this topic .",1cppjgt,0,"['Companies (IQVIA, ICON, etc.) usually have an in-house position for people looking to become CRAs.  I would reach out to US recruiters and let them know you want to get into the role of CRA.  Let them know you are looking for a position with a company that would transition to the CRA role.  Good luck!', 'Your country is a hurdle, but not insurmountable . drug companies just donâ€™t prioritize clinical trial operations in Lebanon so youâ€™ll need to be a little more creative and persistent to establish yourself. Youâ€™ll likely need to prove u can work on trials outside your own country.  Luckily youâ€™re young so the skyâ€™s the limit. Network. Use LinkedIn. Master EU and USA regulations. Good luck!!', 'Is your cousin in Lebanon also?', 'I asked , they dont take interns in lebanon ðŸ˜…', 'How can i work on trials outside my country ?', 'Yes', 'Your cousin is likely the best person to get advice from but your thoughts on looking up clinical trials in Lebanon and applying to available positions or reaching out the listed PIs/recruiters about available roles would be a good route to go if you want to stay in Lebanon or at least while youâ€™re finishing your pharmacy degree.']",0.2788333333333334,0.9944,"Dear [User],

Thank you for reaching out with your interest in the clinical research field and your aspiration to work as a Clinical Research Associate (CRA) or CRA Junior. It's great to hear about your enthusiasm for this area of work.

Given your background as a 3rd-year pharmacy student in Lebanon, there are several paths you can take to pursue a career in clinical research. One option might be seeking internships or entry-level positions in this field to gain practical experience. It's also beneficial to start networking with professionals in the industry, like your cousin at IQVIA, who can offer guidance and advice based on their experiences.

To further your knowledge and expertise, you may consider exploring ongoing clinical trials in Lebanon or looking for opportunities abroad, especially if you plan on pursuing a master's degree in the future. Keep an eye out for relevant conferences, workshops, or online courses that can enhance your understanding of clinical research practices.

While the field of clinical research may be relatively unknown in Lebanon, don't hesitate to reach out to experts or organizations in the industry for mentorship and support. You can also consider joining professional associations or forums related to clinical research to connect with like-minded individuals and stay updated on industry trends.

If you have any specific questions or need further guidance on how to navigate your career path in clinical research, please feel free to ask. I'm here to help you in any way I can.

Best regards,
[Your Name]"
Fortrea layoffs again,Seems like Safety and vendor management? A bunch of roles switch to India it seems.,1cp38wh,27,"['Cheap ass management', 'Oh really. Which country?\xa0']",0.30000000000000004,0.2869,"Dear [User],

I hope this message finds you well. I noticed your comment regarding the recent Fortrea layoffs and the shift of roles to India, particularly in the areas of safety and vendor management. If you are interested in exploring new opportunities or learning more about potentially participating in a clinical trial, I would be happy to provide you with information and resources.

Clinical trials play a crucial role in advancing medical research and improving patient care, and your interest in exploring this area is commendable. If you have any specific questions or would like guidance on how to get involved in clinical trials, please feel free to reach out to me.

I am here to assist you with any information or support you may need regarding clinical trials or related opportunities. Your interest in this area is valued, and I look forward to discussing this further with you.

Best regards,

[Your Name]  
[Your Position]  
[Your Contact Information]"
What to do when colleague gets kudos for your hard work?,"I was on medical leave for 3 months while my colleague covered for me and took over my project. I gave him all instructions, showed him how to use the tools and he only needed to follow up with our team. Upon my return I noticed he was using my tools and the team was giving him kudos for MY TOOLS. How do I address this situation with him, my manager and my team without sounding too petty? I don't have anything against this colleague and we have always been on good terms.

Can anyone provide some examples on what to say to my manager, my team and to my colleague individually to let them know the team yielded good results only after using said tool?",1coxu8j,9,"[""I can understand the feelings of frustration you must be experiencing. \nThat said, try to look at things from a broader perspective. First of all, it's great that you are now healthy and able to be back at work. Be proud that you created something that's valuable enough to be noticed by others and that you obviously were exemplary in your transfer of knowledge that others could seamlessly continue your work. That doesn't happen by chance.\n\nWhen you speak next time with your manager, be enthusiastic and tell them how happy you were to find out that your tools yielded such positive feedback and helped the work continue without hiccups in your absence. Recognize your colleague's work, 3 months is not just a simple case of coverage. \n\nWhen you speak with your colleague, thank them and ask them for their feedback on using your tools and if they identified any potential tweaks to further improve them.\n\nYou should offer to share your tools with a broader audience and train them on their usage. \n\nDon't get stuck with those negative thoughts, turn the tables around, you got this!"", 'Canâ€™t you treat it as a team effort where maybe you both get credit somehow? I know when I cover for colleagues I still have  my own workload to handle.  It should be kiddos to both of you', 'If you have to present or talk at your next meeting, definitely mention how youâ€™re happy to be back and that youâ€™re also â€œvery happy that your colleague was able to yield such good results with the tools you made and that youâ€™re grateful to him for testing them.â€ \n\nDonâ€™t forget to ask him if he had any issues with them or any suggestions for improvement.', 'May be best to speak with your colleague first and explain to him how you feel, while being very choice with your approach as you donâ€™t want to be accusatory. Honestly you need to weigh the risk of going down this road vs the reward. Getting â€˜creditâ€™ for these things may not be worth the risk to your reputation. Depends a lot on the context of your team. \nMaybe itâ€™s not about this incident, maybe you donâ€™t feel much appreciateion in general. GL OP', 'Been there, done that.\n\nI simply bring my manager to attention, I already have shared a process with exactly the same exemple months before a colleague shared in a meeting. \n\nShowed the job aid, and the date was created in sharespace. \nGot appolized and private recognition, and asked my manager not to share with the rest of the team the incident because ""in my perspective, it was only an honest mistake.""\n\n\nI know how frustrating it is, but not run after the credit within the team because.\n\n1. in the future, no one will be willing to cover you.\n\n2. You don\'t know if the remaining team will be taking sides. \n\n3. When you develop tools in the future, make sure your manager is the first person to be acknowledged of how tools work (functionality) and why it was created (need).\n\nAlso, I took prolonged sick leave too in the past and left precise instructions (via email, manager in CC) using terms like:\n\nIn summary, \n\nI used this for.... tracker/ link for in attachment.\n\nDo (something) every x days/ weeks as usual.\n\nFeel free to improve if suitable for team needs.\n\nEtc.\n\nThis way, the manager is aware that everything was done by me, and my backup just needs to FUP, and any update to the process was only an additional, not the all process.', 'Get used to it.', 'This is great advice! Thank you for being so polite and sharing your thoughts on this without making it look like this was an unnecessary post.', ""Spot on. I was going to comment something similar based off of the teachings in How to Win Friends and Influence People by Daniel Carnegie, but you nailed it! Highly encourage everyone to read this book as it's been invaluable in conflict management."", 'This is the way.', 'Itâ€™s not much about getting credit. These things count eventually during our Year End Evaluations and this colleague made it look like they put in the work to the higher ups. Iâ€™ve gone back and forth in my mind on whether to let it go and suck it up or confront them diplomatically.', 'So glad to be of some help to a fellow CR colleague! Enjoy your weekend!']",0.21617686387686386,0.9986,"Dear [User],

I noticed your interest in learning more about clinical trials or possibly participating in one. Clinical trials are an essential part of advancing medical research and providing new treatment options for patients. If you would like to explore participation in a clinical trial or simply gather more information about clinical trials, I would be more than happy to assist you in this process.

Clinical trials offer individuals the opportunity to contribute to the development of new medical advances while also potentially benefiting from cutting-edge treatments. If you have any specific questions or need guidance on how to get involved in a clinical trial, please feel free to reach out to me.

Thank you for expressing interest in this important area of healthcare. I look forward to assisting you further.

Best regards,

[Your Name]"
Thinking of switching from clinical life to research.,"I just finished med school and after internship, too many duty hours(approx 300hrs per month) has left me burnt out with no personal life at all. I'm considering of switching to clinical research since research has been one of my interests too.
Could anyone pls tell me about the work-life balance in researcher life? Does it get better? And what are the challenges to be aware of? Any advise would be appreciated! ",1cp9qkp,1,[],0.25,0.8142,"Dear [User],

Thank you for reaching out about your interest in potentially transitioning from a clinical role to clinical research post-medical school and internship. It's understandable that the demanding hours you've experienced have left you feeling burnt out and looking for a better work-life balance in a research-oriented career.

Clinical research can indeed offer a different pace and perhaps a more structured lifestyle compared to clinical practice. While the workload and hours in research can vary depending on the field and specific role, many individuals find that research careers provide more flexibility in terms of setting your schedule and prioritizing personal time.

Some challenges commonly faced in clinical research may include project deadlines, grant funding uncertainties, and the need to keep up with advancements in the field. However, many researchers find the work rewarding, intellectually stimulating, and conducive to a healthier work-life balance once they establish their career trajectory.

If you are considering participation in a clinical trial or simply wish to gain more insights into the world of clinical research, I recommend exploring different research opportunities, connecting with professionals in the field, and seeking mentorship to guide you through your transition.

Should you have specific questions or need further guidance on pursuing a research career or participating in clinical trials, feel free to ask. Wishing you the best of luck in your future endeavors!

Sincerely,
[Your Name]"
Tracking experience ,"Hi all, is it common practice to keep a log of what therapeutic/indication areas youâ€™ve worked on and how long? I know Iâ€™ve seen questions for oncology jobs asking how many years of experience you have with those types of trials. Wasnâ€™t sure if itâ€™s helpful to do or do you need to do it to reference later on. ",1cnzs7m,7,"['Yes definitely - also the phase, patient population, notable achievements', 'Definitely a good idea and if you ever make it to the CRO world  some of them have you list all your various therapeutic experiences, years of experience, and phases.\n\nSpecial attention to high value areas like leukemia/lymphoma/myeloma, Phase I trials, rare tumors, peds, and anything on the cutting edge like CAR-T to help differentiate yourself. \n\nEverybody has worked on a phase 3 NSCLC trial,  not everyone has done a phase 1 AML trial.', ""I also track what sites/PIs I've worked with and any relevant contacts. Different systems I've used are also important to keep track of. I track policy information with dates of review for sites that I've worked with a lot to help make the process of PSV or SIV a lot easier. I still review SOPs for sites, but it's something to have in my back pocket if I need it."", 'Definitely important to keep track of these, as they should end up on your resume. Additionally youâ€™ll want to note the phase. Iâ€™ll typically note my oncology experience and list out some of the indications Iâ€™ve worked in Lymphoma, Car-T, cSCC, Leukemia, etcâ€¦', 'Oh good things to note! Thanks', 'I have a long car ride trip tomorrowâ€¦ sounds like I will be making myself a list to catch up! I work on the central labs side but probably equally important to keep up with, just has slipped my mind with how busy we all are! Those are good things to remember to note.']",0.20530677655677657,0.9918,"Dear [User],

Thank you for your inquiry about tracking experience in therapeutic/indication areas related to clinical trials. Keeping a log of the types of trials you have worked on and the duration of your experience can indeed be helpful in various aspects of your career, including job applications and future references.

If you are interested in gaining more insights into clinical trials or exploring opportunities to participate in a clinical trial, we would be happy to provide you with more information and guidance. Clinical trials play a crucial role in advancing medical research and improving healthcare outcomes, and your interest in this area is commendable.

Please feel free to reach out if you would like to discuss this further or if you have any specific questions. We are here to help facilitate your journey in clinical research and assist you in any way we can.

Best regards,

[Your Name]
[Your Title/Position]
[Contact Information]"
Your best way to breakdown a protocol as a CRC or a CRA.,"We all know that the protocol is the holy grail of information at the beginning of any study typically. Iâ€™m curious, how do you guys read it? Page for page? Or do you break it down into sections? Do some of you just look at the schedule of events and thatâ€™s all? Share any tips you have that helps you master a protocol!",1co0tew,3,"[""Start with the objective & schema (this gives blinding / IP info etc) then the SOA, I then map out visits & procedures. From there I'll look at what procedures there are & what they entail. As well as IP info & dosing."", ""Read the ICF, because it's specifically written to summarize a study for a lay audience in clear and easily understood language.\n\nAlso, READ THE FOOTNOTES!!!! And appendices!! The devil is always in the details."", 'Helpful tip: you can copy and paste the schedule of events from the protocol into excel. \n\nJust drag and highlight the schedule of events in the pdf, copy, then paste into excel. The formatting wonâ€™t be perfect but itâ€™ll be pretty darn close. Iâ€™ve found this really useful for the schedule of events that span multiple pages to get it into one excel sheet to see at once. Also, add comments for the footnotes where applicable.', 'Skip the statistical BS. No one asks or wants to hear about it', 'I like reading the rationale, what endpoints the study is looking at, inclusion/exclusion, and study visit breakdown (and whatever appendices accompany these sections). Everything else I try to skim over just to get it but as a CRC, those are the things I know I will be referencing the most. In case other physicians and patients have questions - at least Iâ€™ll have a general understanding of the trial (also for my own benefit lol. Donâ€™t really want to do a study without understanding it!!) \n\nAnd when the ICF is available, I also read that and highlight the important parts to use as a guideline for whenever I consent patients. \n\nThatâ€™s just for when a study is new and I need to get the basics down. Usually as time goes on Iâ€™ll find myself reading the other sections of the protocol because for some reason or another I need to get that information for someone or for myself lol. There are studies Iâ€™ve been on for a few years and feel like I know them like the back of my hand by now.', ""I read through the design, objectives, I/E criteria, SOA, then the safety section. I'll also use OneNote while I'm reviewing as follows:\n\nI have notes on different pages depending on what they pertain to. My first page is called Details which has high level details such as study design, products being used, dosing/heavy PK days, etc. I then have a Procedures page which includes my SOA, as well as a breakdown of procedure timepoints, windows, and things like supine time and order of procedures. I also have a Subjects page where I keep any out of the ordinary I/E criteria I want to keep track of or ratios I need to be cognizant of, and whatever the top things people are screen failing for are. I also do a Safety page to keep track of frequent AEs or any AEs of special interest that I need to be cognizant of."", 'I agree with all of this, and would add the safety section for  adverse events, and make note of any adverse events of special interest', 'This seems like a great approach. Thanks!', ""10000% agree, the above to me is just a start. Sponsors love to leave lil nuggets all over the protocol to find. It's like an Easter egg hunt sometimes ðŸ˜…""]",0.22739388660120366,0.9988,"Dear [User],

Thank you for your interest in participating in a clinical trial or learning more about clinical trials. Understanding and interpreting a protocol is indeed crucial for Clinical Research Coordinators (CRCs) and Clinical Research Associates (CRAs) at the beginning of any study.

To effectively breakdown a protocol as a CRC or a CRA, it is recommended to approach it methodically rather than just reading it page by page. Breaking down the protocol into sections can help you comprehend the study design, procedures, and requirements more efficiently. Focus on key components such as the study objectives, inclusion and exclusion criteria, study endpoints, treatment arms, and the schedule of events. This approach allows you to grasp the overall study structure and key details without getting overwhelmed by excessive information.

Additionally, reviewing and familiarizing yourself with the schedule of events is essential as it outlines the sequence of assessments and visits for study participants. Understanding this aspect can help you anticipate and prepare for upcoming activities and ensure smooth study conduct.

To master a protocol effectively, it is also helpful to create study-specific templates or tools that can aid in organizing and tracking important information. Collaborating with the research team and seeking clarification on any challenging aspects of the protocol can further enhance your comprehension and ensure adherence to study requirements.

If you have any more questions or would like further information on clinical trials, please feel free to reach out. We are here to support you in your journey to learn more about clinical research and potentially participate in a trial.

Best regards,
[Your Name]
[Your Title]
[Your Contact Information]"
neck pillow - recommendations,"for those who fly frequently - do you use a neck pillow? if so can you recommend one?
I never really used one, but I start to feel like I could use one...",1cnox0c,0,"[""I have the Trtl. Turtl? I've only used it for international but it was good. Not really a pillow but more of a nexk brace."", ""yeah, I just wasn't sure how to call it so I wrote pillow ;)."", 'It\'s kind of expensive, but smaller than a pillow (unless it\'s a blow up one). I got the ""cool"" one because I\'m 50 and hot all the time ðŸ˜¹']",0.22333333333333333,0.8714,"Dear [User],

I noticed your interest in neck pillows for frequent flyers and your openness to trying one for the first time. If you are considering exploring options like clinical trials for neck pain or related issues, I'd be happy to provide you with more information.

Clinical trials offer participation opportunities in research studies that aim to improve treatments and devices, like neck pillows, for various conditions. Engaging in a clinical trial not only provides you with access to innovative solutions but also contributes to advancements in healthcare for others.

If you would like to learn more about participating in clinical trials related to neck pillows or any other health-related topics, please let me know, and I can guide you on how to explore these opportunities further.

Thank you for your interest, and I look forward to assisting you further.

Best regards,
[Your Name]  
Assistant"
What are your favorite clinical research trade journals/news institutions?,"Not looking for medical journals, but publications dedicated to covering the conduct of clinical research, such as journalism about the CROs, regulatory trends, new drug pipelines, etc. ",1cn1xx7,16,"[""Following as I'm also interested. The only one I know is Fierce Pharma."", 'I follow XTalks (nice webinars), BioPharma Dive for industry news', 'The Sourceâ€¦The Monitor - both informative reads about CR opps.', 'CenterWatch', 'following. iâ€™d like to be more informed.', 'It looks like MJH Life Sciences is a privately held media company, that said their Applied Clinical Trials often has some good stuff.', 'Endpoints is pretty good, though they tend to focus more on the regulatory and business side of things - pivotal trial results, approvals, M&A, big names being hired and fired, etc.', 'Fierce\n\nEndpoints\n\nGlobalData\n\nSTAT\n\nApplied Clin Trials for competitor info (sponsored posts and webinars)\n\nLinkedIn sales nav - not a journal ofc but itâ€™s an easy way to aggregate people who post about your interests. Can set notifications too which I like.']",0.2816498316498317,0.9858,"Hello,

Thank you for your interest in learning more about clinical trials and the field of clinical research. If you are looking for publications dedicated to covering the conduct of clinical research, such as journalism about Contract Research Organizations (CROs), regulatory trends, new drug pipelines, and other related topics, I recommend exploring publications like Clinical Research News, CenterWatch, and The Center for Information & Study on Clinical Research Participation (CISCRP). These sources offer valuable insights and updates on the latest developments in the field of clinical research.

If you are considering participating in a clinical trial or further exploring opportunities in this area, I would be happy to assist you in finding relevant resources or connecting you with appropriate channels for more information. Feel free to reach out if you have any specific questions or require further assistance.

Best regards,
[Your Name]"
Principal CRA Salary in 2024,"Especially for Roche, J&J, Novo Nordisk, and Novartis. Salary range is okay. But actual numbers would be great ðŸ˜",1cnhw9l,0,"['Probably more than $2 (ps please look at the spreadsheet)', 'probs in the 120-150k range depending on company and region']",0.36,0.8765,"Dear [User],

Thank you for expressing interest in participating in a clinical trial or learning more about clinical trials, especially within the context of the pharmaceutical companies Roche, J&J, Novo Nordisk, and Novartis. 

If you are interested in finding out more about current or upcoming clinical trials within these companies, I can help guide you to the appropriate resources or provide you with information about potential opportunities. Please let me know if you have any specific questions or if there is anything else I can assist you with.

Best regards,

[Your Name]  
[Your Title]"
ICF interview- role play,"Hi Everyone 

I have applied for the role of CRC and i got a interview call with the site manager. I have been provided with the ICF to present it the interviewer as if he/she is the patient. What do i do? How do i start? 

Its been a long time since i have done ICF process. 
Can somebody help me to prepare for this?

TIA",1cn3mzh,0,"['Practice, practice, practice. Make sure you know the consent form, and all the details inside it. Make sure you are able to summarize what the study is going to be doing. Make sure you are able to answer questions about things like side effects, compensation, time commitment from the participant. They want to be able to see that you are able to understand the contents of a consent form, but also know the limits of the study and what you can promise. Know your gcp. Good luck!', 'Read through the consent and pretend youâ€™re the patient. What information would be most important for you to know? Consents are designed to be read by patients, not RPs, so you should be able to figure out how to best summarize whatâ€™s happening based on what the patient would want to know (plus all the HIPAA stuff they donâ€™t care about but need to know anyway).', ""All of the required elements you need to cover are listed in ICH GCP and should be in the consent form. Explain things in a way the patient can understand, and periodically stop to assess their understanding and let them ask questions. It's very important to communicate that it's voluntary, that it's research (be clear about what's known/what's not known and that you don't know if the intervention works and that's the point of the study), and don't use any compulsive language. Be very upfront about participant obligations, because you wouldn't want someone to consent and then withdraw because they didn't understand how much follow up was required. You'll want to have a thorough understanding of the blinding, randomization procedures, use of placebo, etc and be able to answer questions. Medical questions about the intervention and alternatives should be answered by the study doctor, but you should be well versed on the research participant's rights and responsibilities."", '1. Make sure you take note of all relevant points you need to cover on an ICF: explain study in lay terms, it is experimental, they can withdrawn, they can take time to review, take it home and talk to the family, there are x other participants, etcâ€¦\n2. Create a logic sequence to present, and a script for you to go through. Practice out loud many times until it is fluent and you know it by heart. Ensure the patient knows how to read, write, confirm their identification data, ask if they have relatives that are connected to the hospital, ask if the patient thinks they can comply to the study, give them contact information if they want to ask questions, ask if they have medical questionsâ€¦.\n3. After you do this, put together a list of questions a patient may have, list them and be ready to answer all of them easily. Ask a lay friend for help if needed, or your grandma. Be prepared for a patient asking the most outrageous questions.\n4. Review again GCP and CFR (if in the US) to ensure you remember all key points related to ICF and PI responsibilities \n5. Speak calmly, not too slowly, not too fast. Be firm and confident. Smile. It needs to sound like you have done this a thousand of times, hence the need of practice.\n\nSend me a message if you need more help!', ""No one else thinks this is an entirely weird and inappropriate ask for an interviewer? \n\nWhy are you already doing work when you don't even have the job and with no training you are expected to know the task at hand?\n\nI'd run from this position."", 'Thanks for your response. I really appreciate it. \nWould you be able to tell me what should i include in my presentation?', ""It wouldn't be weird if the OP had claimed to have prior trial experience as a CRC. Most ICFs boil down to broadly similar things to summarize, and it may be a task to see how good their English language is and how their interpersonal skills are (especially if the position requires a lot of consenting)."", ""No sorry I have no idea what they've asked you to do? I usually don't have like a slide deck for a consent process but I'm not sure what their process is."", 'No worries. Thanks for your help.']",0.21140301318267418,0.9986,"Dear [User],

I noticed your interest in preparing for an ICF interview role play for a Clinical Research Coordinator (CRC) position. It's great to see your enthusiasm for this opportunity! Engaging in role plays and mock interviews is a fantastic way to prepare yourself for the actual interview.

In your situation, where you have been provided with an Informed Consent Form (ICF) to present as if the interviewer were the patient, here are a few tips to help you get started:

1. Familiarize yourself with the key components of the ICF: Ensure you understand the information presented in the form, including details about the clinical trial, potential risks and benefits, participant rights, and any other crucial information.

2. Practice your approach: Consider how you will introduce the ICF to the ""patient"" in a clear and compassionate manner. Remember to speak in a way that is easy to understand, avoiding jargon or complex medical terms.

3. Be prepared for possible questions: Anticipate potential queries that the ""patient"" may have about the trial or the consent form. Practice responding confidently and professionally.

If you feel like you need more support in preparing for the role play, consider reaching out to experienced professionals in the field or seeking guidance from online resources related to clinical trials and the informed consent process.

Remember, practice makes perfect! The more you immerse yourself in the scenario and practice your approach, the more comfortable and confident you will become.

Good luck with your upcoming interview! Feel free to ask if you have any further questions or need assistance in your preparation.

Best regards,
[Your Name]"
CRC III at Emory University,"Hey guys!

I just got a job as a CRC III at Emory in the hospital. I was looking for insight/general experience and reviews of any other people with, preferably, a position similar to mine at Emory. 

I just wanted to gauge the work-life balance and the general workplace vibe. 

Thank you!",1cmsaci,5,"['If you are experienced, your WLB will be normal. If are not, you will be overwhelmed.', 'I was a CRC II and III at Winship.  Feel free to ask me any questions.', 'I get that. What do you do, if you donâ€™t mind me asking.', 'I was an associate director. Most CRCs think the work is a piece of cake. You are a CRC III and shouldnâ€™t have a problem. Are you already in the system?']",0.2553571428571429,0.5972,"Dear [User],

Congratulations on your new position as a CRC III at Emory University! It's great to hear about your interest in gaining insights and experiences from others in similar roles. As you settle into your new role, it's important to have a clear understanding of the work-life balance and the overall workplace environment.

If you are interested in participating in a clinical trial or learning more about clinical trials at Emory, I would be happy to provide you with information and guidance. Clinical trials play a vital role in advancing medical research and healthcare, and your expertise as a CRC III can contribute significantly to these efforts.

Feel free to reach out if you have any questions or would like to explore this further. Best of luck in your new role at Emory University!

Warm regards,

[Your Name]
[Your Title]"
Precision for Medicine CRA,"Anyone have experience with Precision for Medicine as a CRA? Just looking for more insight, there is not much out there. Thanks!",1clztss,8,[],0.21666666666666667,0.4926,"Dear [User],

I noticed your interest in participating in a clinical trial or learning more about clinical trials, particularly in relation to Precision for Medicine CRA. While there may not be extensive information readily available, I would be happy to provide you with more insight and guidance on this topic.

Clinical trials are crucial for advancing medical research and improving healthcare outcomes, and participation can provide valuable opportunities for individuals to contribute to scientific discoveries. If you are considering joining a clinical trial or simply wish to learn more about the process, please feel free to reach out to me for further information and assistance.

I am here to help answer any questions you may have about Precision for Medicine as a Clinical Research Associate or offer guidance on how to explore participation in clinical trials. Your interest in this area is commendable, and I am eager to support you in your pursuit of knowledge and involvement in the field of clinical research.

Thank you for your inquiry, and I look forward to assisting you further.

Best regards,

[Your Name]"
Clinical trial manager day to day tasks,"I have been a CRA for a while now and Iâ€™m planning to transition to CTM role but I will like to have an idea of their day to day activities , ranging from study start up to close out . Any help will be appreciated . ",1clspqj,4,"['I am a CPM at a large Sponsor.\n\nDay to day tasks can vary significantly from leading study meetings, creating agendas, study plans, updating the business (r&d, medical, business leadership etc) legal and contract meetings, external vendor meetings and bid discussion, generating and updating project plans, meeting with function leads, developing ICF, overseeing DM activities, reviewing and redlining site/CRO budgets and more. if you have multiple studies then multiple meetings per day for different studies.\n\nClinical risk assessment and follow up is big. I would recommend getting familiar with that.\n\nYou are the head of the snake and if shits not going well itâ€™s your job to explain whatâ€™s going on. Good PMs communicate often and early. Any delays or updates need to go to the team and action items need to be followed up and not sat on.\n\nGood PM are on top of their shit and can break down a study, the status, risks, pain points at a moments notice.\n\nIMO the learning curve is exponential when you get in but you learn to anticipate problems and think critically  in the process.\n\nHope this helps.', ""I'm happy to help with this. Drop me a message and I can go over this for you and answer any questions. I also did a talk today for a clinical research group called CRAConnect giving guidance for CRAs looking to transition from CRA to study management which might also be helpful."", 'Thank you . I appreciate your response', 'Thank you . Iâ€™m interested please', 'Ok sounds good drop me a dm its probably easier and more interactive to do it over a call so you can ask questions as we go through ""a day in the life"" so let me know whichever way would be preferable zoom/teams ect.', 'Can I please DM you as well? I am participating in an MIT program learning how new therapies goes to the clinic. I would really appreciate it to learn the process from you. Thank you!!', 'No problem, shoot me a DM happy to help']",0.271699778396207,0.9957,"Dear [User],

I understand your interest in transitioning to a Clinical Trial Manager (CTM) role and would be happy to provide you with more information on the day-to-day activities involved in managing clinical trials. As a seasoned Clinical Research Associate (CRA), you already have a solid foundation in the field, which will be beneficial for a CTM role.

The responsibilities of a CTM typically include overseeing the entire process of a clinical trial, from study start-up to close-out. Some of the key tasks involve protocol development, site selection, budgeting, vendor management, monitoring trial progress, ensuring compliance with regulations, and facilitating data analysis and reporting.

If you are considering participating in a clinical trial or simply want to learn more about the role of a CTM, I recommend exploring various resources, attending relevant workshops or webinars, and networking with professionals in the field. Additionally, you may consider contacting clinical research organizations or academic institutions for potential opportunities to gain hands-on experience in clinical trial management.

Feel free to reach out if you have any specific questions or need further guidance on your career transition to a CTM role. I'm here to assist you in any way I can.

Best regards,

[Your Name]"
Nurses working at Medpace?,"I know Medpace is a hot topic on the sub and pretty unpopular overall. However, does anyone have experience working on the clinical end of things as a research nurse or transitioning into the company after being a bedside nurse? I have oncology background and want to get away from bedside and more into the clinical trial/pharma field. ",1clia4l,5,"['I am a nurse and moved from bedside nursing to CRA position at Medpace (Europe)', 'Iâ€™ve heard that their training program is one of the better ones, but the itâ€™s the fact they make you sign a non-compete clause, is ridiculous.\n\nThey also donâ€™t pay as well as other companies, and they run some of their CRAâ€™s into the ground.', 'No experience with Medpace but as a nurse who went into pharma - now a clinical scientist at a sponsor- rn background has a lot of transferable skills and is welcomed as an asset - I had to get out of bedside as worried about my back having an injury - and found a work life balance that let you have time and space for lunch and breaks, respected your experience and was more lucrative and I could do without worrying about physical injury- make the leap Iâ€™ve never regretted it', 'Have you enjoyed the transition so far or recommend it to other nurses?', 'Do you enjoy it? Iâ€™ve been trying for months to get into a CRA position', '>they make you sign a non-compete clause\n\nThe FTC just banned them entirely! \n\nhttps://www.ftc.gov/news-events/news/press-releases/2024/04/ftc-announces-rule-banning-noncompetes', 'Thank you for your insight! I PMd you for more info about transitioning into pharma :)', 'Its definitely a big change, especially getting used to what defines as emergency :D (I used to work a lot in ER and ICU before). But Medpace does have a good intro program and there are definitely other career paths for nurses if you dont want to stay a CRA. However I have just worked for barely a year. My manager is great and majority of CTMs I work with are nice people.', ""Unfortunately it's 180 days or so before it goes into effect""]",0.22852564102564102,0.9929,"Hello,

I noticed your interest in transitioning from a bedside nursing role to working on the clinical end of things, particularly in a clinical trial or pharmaceutical setting. As you mentioned your background in oncology, you may find opportunities in the clinical trial field particularly rewarding.

If you are considering participation in a clinical trial or would like to learn more about clinical trials in general, I can provide you with information and guide you on how to explore promising avenues within the clinical trial and pharmaceutical industry. Feel free to reach out for further assistance or if you have any specific questions.

Best regards, 

[Your Name]  
[Your Title]  
[Your Contact Information]"
Source Document Survey Request :),"Hi all! I hope everyone is off to a great start this Monday! 

  
I am doing market research on satisfaction of current source document options in the industry, and would love your input! No matter what level you are at (site, sponsor, CRO, etc.) If source impacts your position in any way, I would love to hear from you :) Please also feel free to forward this to any colleagues that are also in this industry. 

  
The survey is a total of 10 questions and should take about 3-5 minutes total. The survey will close on Monday, 20May2024. 

  
[**https://forms.gle/4pcKhgVxAjisJHf9A**](https://forms.gle/4pcKhgVxAjisJHf9A)

  
As I know your time is valuable, I will be doing a random drawing after the survey closes to gift 5 people a $10 Starbucks gift card for taking the time to complete this survey. I know a lot of people aren't comfortable sharing their personal information, so I left the first question as optional, so if you'd like to leave your Reddit username for a chance to be in the drawing, please add in that first question. :) If you win, I will message you after the drawing and ask for your email address to send you the gift card so you can be on the lookout for it. ",1clswpf,0,[],0.3027777777777778,0.9936,"Dear [User],

I hope this message finds you well. I wanted to reach out to inform you about an opportunity to participate in a clinical trial or to learn more about clinical trials. 

Recently, a market research survey was conducted regarding the satisfaction of current source document options in the industry. This survey is open to individuals at all levels within the industry, including sites, sponsors, CROs, and more. Your input on how source documents impact your position would be greatly appreciated.

If you are interested in providing your insights, you can access the survey by clicking on the following link: [Survey Link](https://forms.gle/4pcKhgVxAjisJHf9A). The survey consists of 10 questions and should only take approximately 3-5 minutes to complete. Please feel free to forward this opportunity to any colleagues who may also be interested.

As a token of appreciation for your participation, five individuals will be randomly selected to receive a $10 Starbucks gift card. Your personal information will be kept confidential, and participation in the drawing is optional.

Thank you for considering this opportunity to contribute to market research within the industry. Should you have any questions or require further information, please do not hesitate to reach out.

Best regards, 
[Your Name]  
[Your Position]  
[Your Contact Information]"
Notifying Your Employer About Maternity Leave,"Hey everyone,

I'm excited to share that I'm expecting and due in early November! I've been thinking about when to inform my employer about my pregnancy and upcoming maternity leave. I'm based in the US and work as a CRA in a CRO. My doctor advised me that starting mid-September, when I'm 32 weeks, I won't be able to fly.

I'm wondering if I should notify HR or my line manager? How should I approach this conversation? Do I simply let them know that I'm pregnant and planning to start my maternity leave in November?

Thanks so much for your help!",1cls6nw,1,[],0.24583333333333335,0.8665,"Subject: Inquiry About Clinical Trials and Maternity Leave Support

Dear [User],

I hope this message finds you well. I recently came across your message regarding notifying your employer about maternity leave, and I wanted to reach out to offer some support and information that may be helpful to you during this time.

Firstly, congratulations on your pregnancy! It's an exciting time, and I understand that navigating the process of informing your employer and planning for maternity leave can be overwhelming. While I see that you work as a Clinical Research Associate (CRA) in a Contract Research Organization (CRO), I wanted to mention that if you are considering options to participate in a clinical trial or simply learn more about clinical trials, I can provide assistance and resources to guide you through the process.

Clinical trials can offer valuable opportunities for individuals to contribute to medical research, potentially access new treatments or interventions, and be a part of advancing healthcare knowledge. If you are interested in exploring this further, I would be happy to provide you with more information on participating in clinical trials, understanding the process, and connecting you with relevant resources.

If you have any specific questions or would like to have a conversation about clinical trials or maternity leave support, please feel free to let me know. I am here to assist you and provide any guidance you may need during this time.

Best regards,

[Your Name]
[Your Contact Information]"
Consider supporting clinical research education and accessibility this holiday season by making a donation to our Boston-based nonprofit.,,18n1cxq,2,[],0.25,0.7206,"Dear [User],

I hope this message finds you well. I wanted to reach out to share information about an opportunity to support clinical research education and accessibility this holiday season. Our Boston-based nonprofit is dedicated to advancing clinical trials and research for the benefit of patients and healthcare advancement.

If you're interested in learning more about participating in a clinical trial or gaining more information about clinical research, we would love to provide you with resources and guidance. Your interest and support can help contribute to groundbreaking research and advancements in healthcare.

Please feel free to reach out to us if you have any questions or if you would like to explore this opportunity further. Your participation and engagement in clinical research can make a meaningful impact on the future of healthcare.

Thank you for considering supporting clinical research education and accessibility.

Warm regards,

[Your Name]
[Title/Role]
[Contact Information]"
Clinical Trials for all,"Good evening Everyone,

I just recently joined the sub-reddit, and I've been more of a casual browser on Reddit than an active user. But I reach out to you today, because as a member of this channel I'm sure we all share at least one common interest, and that's Clinical Trials. 

I myself am based out of Tokyo, and am a rookie in the field, but I am really motivated and impassioned about the topic!

My objective is simple. With people being a little more in tune with clinical trial information (COVID pushing it into the public eye and radar a lot more), I feel like this is an ideal time to make some information accessible. I'm not talking about fantastic 3 hour seminars on YouTube that industry professionals would enjoy. I'm thinking a little more PR, layman, pop-science access to the massive mountain of information and complexity that is clinical trials.  It be cool to have non-corporateãƒ»non-PR industry perspectives, or fire side chat, or dialogue, or breakdowns for people to share. 

Part of it has been planning and thinking about what people would like, or what may be easier to create, who to best reach out to, but it's been wasting valuable time. The best thing is to just start something and get the ball rolling. Hence this post to you guys (and gals) in the hopes of starting a thread of ideas, or topics, opinions, or even dissent about this idea. 

&#x200B;

Thanks for reading through, and leave a comment or suggestion! (Even if it's just a ""Cool ,best of luck with that"").  :)",l7pli2,4,"['[https://pubmed.ncbi.nlm.nih.gov/28357178/](https://pubmed.ncbi.nlm.nih.gov/28357178/)', 'Hey OP,\n\nCoincidentally, I recently made a short video on YouTube about clinical trials! \n\nI am a YouTuber that makes topics about lifesciences, business and history and I made an explainer on clinical trials and probability of success with the various phases. \n\nPlease let me know your thoughts! \n\nLink to video: https://youtu.be/ZEinltRLJnU\nLink to channel: https://www.youtube.com/c/ChiraagLathia\n\nThanks!\nChiraag', ""This is a great idea, I'm curious if you've started creating any content? I've actually heard of people just talking about their healthcare journeys on Tiktok going viral. Would love to chat and maybe collaborate on something!"", ""My team will be launching the Clinical Trials for Dummies book on our Stronger Together - Clinical Trials Facebook page next week. Look for it. We'll be posting illustrations, pages, charts and the entire book as a digital download."", ""I'm in a Clinical Trials program at Portland Community College, nice to meet you"", 'Thanks. Looks like a good piece to have a discussion about. Iâ€™ll read it later tonight!', 'Hey Chiraag! Greta content and power point slides to guide the discussion. I think this video has a great pacing and good simplified information. Definitely along the lines of the original post theme.  What a coincidence that your upload timing was so close? Haha\n\nMy only take on it to make it even easier to digest and easier to produce would be to break it down into even smaller digestible chunks. 15 mins as an overview can be a lot to process for a newbie. What if we could abridge it, and then have more bite sized clips with specifics on the channel if they want to dig further? \n\nAwesome contribution.', ""Hey Chiraag, nice channel! I'm curious, how did you decide to go with Youtube? Have you tried any other channels?"", 'Hey, thanks for watching! \n\nWhat other channels would you suggest? I recently started a Twitter as well. I figured YouTube would be a good way to visually convey complex topics.', ""I think Tiktok would be a fantastic channel to try - it's going to push you to be super concise and funny, I enjoy this guy's videos/skit format as a nice example: [https://www.tiktok.com/@admani\\_explains?lang=en](https://www.tiktok.com/@admani_explains?lang=en)""]",0.2403348554033485,0.9996,"Subject: Interest in Participating in Clinical Trials and Collaborative Discussions

Dear [User's Name],

I hope this message finds you well. I came across your insightful post on the sub-reddit ""Clinical Trials for all"" and was truly impressed by your passion and commitment to making clinical trial information more accessible and engaging for a wider audience. As someone who shares a similar interest in the field of clinical trials, I am eager to contribute to the discussions and potential initiatives you are planning.

My background includes [briefly mention your relevant experience or interest in clinical trials]. I am based in [your location] and am eager to engage in meaningful conversations that offer non-corporate, non-PR industry perspectives on clinical trials. Your idea of creating a platform for dialogue, breakdowns, and sharing opinions on this complex yet crucial topic resonates with me, and I believe that fostering such discussions can benefit both professionals and the general public.

I would love to join in the conversation, share ideas, and collaborate on any initiatives aimed at increasing awareness and understanding of clinical trials. Please let me know how I can be involved, whether it's through brainstorming sessions, content creation, or any other form of contribution that aligns with your vision.

Thank you for initiating this discourse, and I look forward to the opportunity to engage with you and the community on this important subject. Feel free to reach out to me with any further details or next steps.

Best regards,

[Your Name]"
"Clinical Trial for healthy Males/Females in San Antonio, Texas - Compensation up to $2,800","This study consists of 5 overnight stays and 1 follow up phone call.Â 

**Compensation**

Up to $2800

**Needed**

Non-childbearing Females Age 55-65  
BMI 34-39

Non-childbearing Females Age 70-79  
BMI 33-39

Males Age 40 - 50  
BMI 28-34

Males Age 54-64  
BMI 25-31

**Dates**  
*Check-in:* Tuesday Apr 23rd  
*Check-out:* Sunday Apr 28th

**Location**

San Antonio Clinic

[https://www.worldwide.com/participate-in-a-study/current-studies/study/7398-healthy/](https://www.worldwide.com/participate-in-a-study/current-studies/study/7398-healthy/)",bguvdx,1,[],0.5,0.4019,"Dear [User],

We hope this message finds you well. We have come across an opportunity that might interest you - a clinical trial for healthy individuals in San Antonio, Texas. This particular study offers compensation of up to $2,800 and involves 5 overnight stays and a follow-up phone call.

The study is seeking individuals who fit specific criteria, such as non-childbearing females aged 55-65 with a BMI of 34-39, non-childbearing females aged 70-79 with a BMI of 33-39, males aged 40-50 with a BMI of 28-34, and males aged 54-64 with a BMI of 25-31. The dates for this study are from Tuesday, April 23rd to Sunday, April 28th at the San Antonio Clinic.

If you are interested in participating or would like to learn more about this clinical trial opportunity, please visit the following link for more information: [Clinical Trial Link](https://www.worldwide.com/participate-in-a-study/current-studies/study/7398-healthy/).

We believe that participating in a clinical trial can not only benefit you but also contribute to advancements in medical research. Feel free to reach out if you have any questions or need assistance in exploring this opportunity further.

Best regards,
Your Helpful Assistant"
Press release: Men on finasteride asked to stay vigilant for possible psychiatric and sexual side effects,,1cg23jg,1,[],0.25,0.1779,"Dear [User],

I hope this message finds you well. I wanted to bring to your attention a recent press release regarding men using finasteride, urging them to be cautious of potential psychiatric and sexual side effects. This information may be crucial for individuals considering participating in clinical trials involving finasteride or those interested in learning more about clinical trials in general.

If you have any questions or would like further information on this topic, please feel free to reach out. Your health and well-being are important, and staying informed about potential risks is essential when considering participation in clinical research studies.

Thank you for your attention, and I am here to assist you with any inquiries you may have.

Warm regards,
[Your Name]  
Assistant"
